{
    "resnet18": {
        "train_loss": [
            1.0464306029867618,
            0.9116407391872812,
            0.856094148564846,
            0.8339289908713483,
            0.8141320043421806,
            0.8039337130303078,
            0.7832099478295509,
            0.7756666997645764,
            0.7669280285530902,
            0.7699356269329152
        ],
        "train_accuracy": [
            0.44333333333333336,
            0.569,
            0.6203333333333333,
            0.6346666666666667,
            0.633,
            0.651,
            0.6626666666666666,
            0.6666666666666666,
            0.665,
            0.6686666666666666
        ],
        "train_time": 330.2731719017029,
        "test_accuracy": 61.88625927234193,
        "test_report": {
            "happy": {
                "precision": 0.5861224489795919,
                "recall": 0.718,
                "f1-score": 0.6453932584269664,
                "support": 1000
            },
            "neutral": {
                "precision": 0.6655405405405406,
                "recall": 0.394,
                "f1-score": 0.49497487437185933,
                "support": 1000
            },
            "surprise": {
                "precision": 0.631163708086785,
                "recall": 0.7701564380264742,
                "f1-score": 0.6937669376693767,
                "support": 831
            },
            "accuracy": 0.6188625927234193,
            "macro avg": {
                "precision": 0.6276088992023059,
                "recall": 0.6273854793421582,
                "f1-score": 0.6113783568227341,
                "support": 2831
            },
            "weighted avg": {
                "precision": 0.6273966905475983,
                "recall": 0.6188625927234193,
                "f1-score": 0.6064600699406845,
                "support": 2831
            }
        },
        "auc": {
            "happy": 0.8031630256690332,
            "neutral": 0.7395357728017478,
            "surprise": 0.861642900120337
        }
    },
    "resnet34": {
        "train_loss": [
            1.0350383634262896,
            0.9053734287302545,
            0.8661571817195162,
            0.830270344906665,
            0.8036319233001546,
            0.7884414043832333,
            0.7852023472177222,
            0.7737959876973578,
            0.7927450233317436,
            0.7830896960928085
        ],
        "train_accuracy": [
            0.4666666666666667,
            0.5706666666666667,
            0.6033333333333334,
            0.6203333333333333,
            0.6403333333333333,
            0.6513333333333333,
            0.6443333333333333,
            0.6616666666666666,
            0.6403333333333333,
            0.6603333333333333
        ],
        "train_time": 458.5292718410492,
        "test_accuracy": 62.13352172377252,
        "test_report": {
            "happy": {
                "precision": 0.6934306569343066,
                "recall": 0.475,
                "f1-score": 0.5637982195845698,
                "support": 1000
            },
            "neutral": {
                "precision": 0.5725321888412017,
                "recall": 0.667,
                "f1-score": 0.6161662817551963,
                "support": 1000
            },
            "surprise": {
                "precision": 0.6289500509683996,
                "recall": 0.7424789410348978,
                "f1-score": 0.6810154525386314,
                "support": 831
            },
            "accuracy": 0.6213352172377252,
            "macro avg": {
                "precision": 0.6316376322479693,
                "recall": 0.6281596470116325,
                "f1-score": 0.6203266512927992,
                "support": 2831
            },
            "weighted avg": {
                "precision": 0.6317980706924227,
                "recall": 0.6213352172377252,
                "f1-score": 0.6167037592367957,
                "support": 2831
            }
        },
        "auc": {
            "happy": 0.7994279082468596,
            "neutral": 0.73200327689787,
            "surprise": 0.8580255716004814
        }
    },
    "resnet50": {
        "train_loss": [
            1.0333963835493047,
            0.95777557504938,
            0.9201579436342767,
            0.8901786880290254,
            0.8681502392951478,
            0.8605391370489243,
            0.845118819399083,
            0.8410445464418289,
            0.8395177747340913,
            0.825047381380771
        ],
        "train_accuracy": [
            0.4656666666666667,
            0.5716666666666667,
            0.585,
            0.596,
            0.621,
            0.6186666666666667,
            0.6293333333333333,
            0.631,
            0.6196666666666667,
            0.6413333333333333
        ],
        "train_time": 738.843836069107,
        "test_accuracy": 57.576827975980216,
        "test_report": {
            "happy": {
                "precision": 0.7582938388625592,
                "recall": 0.32,
                "f1-score": 0.450070323488045,
                "support": 1000
            },
            "neutral": {
                "precision": 0.4765840220385675,
                "recall": 0.865,
                "f1-score": 0.6145648312611013,
                "support": 1000
            },
            "surprise": {
                "precision": 0.7491582491582491,
                "recall": 0.5354993983152828,
                "f1-score": 0.624561403508772,
                "support": 831
            },
            "accuracy": 0.5757682797598022,
            "macro avg": {
                "precision": 0.6613453700197919,
                "recall": 0.5734997994384275,
                "f1-score": 0.5630655194193062,
                "support": 2831
            },
            "weighted avg": {
                "precision": 0.6561032730313076,
                "recall": 0.5757682797598022,
                "f1-score": 0.5593944475679745,
                "support": 2831
            }
        },
        "auc": {
            "happy": 0.8117479519388312,
            "neutral": 0.7283315128345167,
            "surprise": 0.8494545728038507
        }
    }
}