{
    "resnet18": {
        "train_loss": [
            1.6591578806959972,
            1.5696921428221637,
            1.5533447586879432,
            1.544558086214724,
            1.5333325743409731,
            1.5368998217954402,
            1.5334404770674843,
            1.5167736359322257,
            1.5184736995229742,
            1.5153891896882938,
            1.526553151867703,
            1.5184958713888326,
            1.5289642619661872,
            1.5099547440331338,
            1.5123426069926578,
            1.5148764941633943,
            1.5134934691384534,
            1.5148368734028397,
            1.5104939637577082,
            1.510771704144892
        ],
        "train_accuracy": [
            0.3397540840851301,
            0.38872827336375354,
            0.39701835661290885,
            0.40429830366783936,
            0.409906301159915,
            0.40544776899230206,
            0.4060050855132537,
            0.4135985231112195,
            0.41450416245776583,
            0.415758124629907,
            0.4104984499634261,
            0.4143300010449685,
            0.40750287366331117,
            0.41743007419276185,
            0.41784806158347554,
            0.4159322860427044,
            0.4147828207182417,
            0.4179873907137135,
            0.41896269462537883,
            0.41641993799853705
        ],
        "train_time": 6412.195242643356,
        "test_accuracy": 40.15045973808861,
        "test_report": {
            "angry": {
                "precision": 0.40816326530612246,
                "recall": 0.06263048016701461,
                "f1-score": 0.10859728506787329,
                "support": 958
            },
            "disgust": {
                "precision": 0.0,
                "recall": 0.0,
                "f1-score": 0.0,
                "support": 111
            },
            "fear": {
                "precision": 0.2694898941289702,
                "recall": 0.2734375,
                "f1-score": 0.2714493456131847,
                "support": 1024
            },
            "happy": {
                "precision": 0.46504065040650405,
                "recall": 0.644870349492672,
                "f1-score": 0.5403873405762872,
                "support": 1774
            },
            "neutral": {
                "precision": 0.35114045618247297,
                "recall": 0.4744525547445255,
                "f1-score": 0.40358744394618834,
                "support": 1233
            },
            "sad": {
                "precision": 0.33829287392325763,
                "recall": 0.34643143544506816,
                "f1-score": 0.3423137876386688,
                "support": 1247
            },
            "surprise": {
                "precision": 0.6490630323679727,
                "recall": 0.4584837545126354,
                "f1-score": 0.53737658674189,
                "support": 831
            },
            "accuracy": 0.40150459738088606,
            "macro avg": {
                "precision": 0.3544557389021857,
                "recall": 0.322900867765988,
                "f1-score": 0.31481596994058464,
                "support": 7178
            },
            "weighted avg": {
                "precision": 0.40208121339168934,
                "recall": 0.40150459738088606,
                "f1-score": 0.3777787721285648,
                "support": 7178
            }
        },
        "auc": {
            "angry": 0.689101172055931,
            "disgust": 0.7914166465885724,
            "fear": 0.6500637288755281,
            "happy": 0.7712535684869948,
            "neutral": 0.7087871588506974,
            "sad": 0.6890736384757239,
            "surprise": 0.8763887237818752
        }
    },
    "resnet34": {
        "train_loss": [
            1.668439528458899,
            1.5710017420932285,
            1.5461246858460866,
            1.5389594583044073,
            1.5358818602190252,
            1.5342030421662702,
            1.5290575109770674,
            1.5251216463628485,
            1.5302312241365223,
            1.52738392273408,
            1.5206255711001118,
            1.5256061705289812,
            1.5122912060179,
            1.5175547456422733,
            1.5141930022590144,
            1.5104383214279378,
            1.5147479379628443,
            1.518172772265224,
            1.5079359177226213,
            1.5080959329626342
        ],
        "train_accuracy": [
            0.33661917865477725,
            0.38987773868821624,
            0.39970044236998853,
            0.40057124943397543,
            0.4030095092131387,
            0.40631857605628896,
            0.40638824062140794,
            0.41088160507158034,
            0.40663206659932427,
            0.40792086105402486,
            0.4108467727890209,
            0.4151659758263959,
            0.41614127973806125,
            0.41175241213556724,
            0.4188233654951409,
            0.41875370093002195,
            0.4147131561531227,
            0.41001079800759344,
            0.41648960256365597,
            0.4147828207182417
        ],
        "train_time": 8538.09474992752,
        "test_accuracy": 39.816104764558375,
        "test_report": {
            "angry": {
                "precision": 0.27809965237543455,
                "recall": 0.25052192066805845,
                "f1-score": 0.26359143327841844,
                "support": 958
            },
            "disgust": {
                "precision": 0.2727272727272727,
                "recall": 0.02702702702702703,
                "f1-score": 0.049180327868852465,
                "support": 111
            },
            "fear": {
                "precision": 0.2799145299145299,
                "recall": 0.1279296875,
                "f1-score": 0.17560321715817695,
                "support": 1024
            },
            "happy": {
                "precision": 0.5524553571428571,
                "recall": 0.5580608793686584,
                "f1-score": 0.5552439708356702,
                "support": 1774
            },
            "neutral": {
                "precision": 0.3065217391304348,
                "recall": 0.5717761557177615,
                "f1-score": 0.39909425417492217,
                "support": 1233
            },
            "sad": {
                "precision": 0.38010204081632654,
                "recall": 0.35846030473135526,
                "f1-score": 0.3689640940982254,
                "support": 1247
            },
            "surprise": {
                "precision": 0.602112676056338,
                "recall": 0.41155234657039713,
                "f1-score": 0.4889206576125804,
                "support": 831
            },
            "accuracy": 0.39816104764558374,
            "macro avg": {
                "precision": 0.38170475259474196,
                "recall": 0.32933261736903685,
                "f1-score": 0.32865685071812084,
                "support": 7178
            },
            "weighted avg": {
                "precision": 0.40619457502102296,
                "recall": 0.39816104764558374,
                "f1-score": 0.38747208349412654,
                "support": 7178
            }
        },
        "auc": {
            "angry": 0.6767778027643335,
            "disgust": 0.786998828459137,
            "fear": 0.6348789278314917,
            "happy": 0.7804599728623918,
            "neutral": 0.6911001564080579,
            "sad": 0.7178899228321636,
            "surprise": 0.8637505955702277
        }
    },