{
    "resnet18": {
        "train_loss": [
            1.1684264659881591,
            1.1041631937026977,
            1.076391077041626,
            1.0330639839172364,
            0.979940402507782,
            0.9768173456192016,
            0.9560130953788757,
            0.9296638369560242,
            0.9054249048233032,
            0.8919510006904602
        ],
        "train_accuracy": [
            0.24666666666666667,
            0.38666666666666666,
            0.4,
            0.49,
            0.5133333333333333,
            0.51,
            0.59,
            0.59,
            0.5733333333333334,
            0.62
        ],
        "train_time": 31.226560592651367,
        "test_accuracy": 51.333333333333336,
        "test_report": {
            "happy": {
                "precision": 0.4838709677419355,
                "recall": 0.6,
                "f1-score": 0.5357142857142857,
                "support": 100
            },
            "neutral": {
                "precision": 0.463768115942029,
                "recall": 0.32,
                "f1-score": 0.378698224852071,
                "support": 100
            },
            "surprise": {
                "precision": 0.5794392523364486,
                "recall": 0.62,
                "f1-score": 0.5990338164251208,
                "support": 100
            },
            "accuracy": 0.5133333333333333,
            "macro avg": {
                "precision": 0.5090261120068044,
                "recall": 0.5133333333333333,
                "f1-score": 0.5044821089971592,
                "support": 300
            },
            "weighted avg": {
                "precision": 0.5090261120068043,
                "recall": 0.5133333333333333,
                "f1-score": 0.5044821089971592,
                "support": 300
            }
        },
        "auc": {
            "happy": 0.6947,
            "neutral": 0.62115,
            "surprise": 0.7288
        }
    },
    "resnet34": {
        "train_loss": [
            1.1366983652114868,
            1.12088303565979,
            1.0362592935562134,
            1.0012579083442688,
            1.0017527103424073,
            0.961881947517395,
            0.9527846693992614,
            0.9353812217712403,
            0.9026606917381287,
            0.8519079446792602
        ],
        "train_accuracy": [
            0.38666666666666666,
            0.36666666666666664,
            0.47333333333333333,
            0.48,
            0.5066666666666667,
            0.54,
            0.5233333333333333,
            0.5633333333333334,
            0.5933333333333334,
            0.6333333333333333
        ],
        "train_time": 43.1232488155365,
        "test_accuracy": 51.333333333333336,
        "test_report": {
            "happy": {
                "precision": 0.46153846153846156,
                "recall": 0.6,
                "f1-score": 0.5217391304347826,
                "support": 100
            },
            "neutral": {
                "precision": 0.5,
                "recall": 0.62,
                "f1-score": 0.5535714285714285,
                "support": 100
            },
            "surprise": {
                "precision": 0.6956521739130435,
                "recall": 0.32,
                "f1-score": 0.4383561643835616,
                "support": 100
            },
            "accuracy": 0.5133333333333333,
            "macro avg": {
                "precision": 0.552396878483835,
                "recall": 0.5133333333333333,
                "f1-score": 0.5045555744632576,
                "support": 300
            },
            "weighted avg": {
                "precision": 0.552396878483835,
                "recall": 0.5133333333333333,
                "f1-score": 0.5045555744632576,
                "support": 300
            }
        },
        "auc": {
            "happy": 0.68135,
            "neutral": 0.6624499999999999,
            "surprise": 0.7643499999999999
        }
    },
    "resnet50": {
        "train_loss": [
            1.1103125095367432,
            1.0732325077056886,
            1.056026077270508,
            1.0452378273010254,
            1.0137276768684387,
            1.0080464601516723,
            1.002110242843628,
            0.9710113406181335,
            0.9660012006759644,
            0.9535176634788514
        ],
        "train_accuracy": [
            0.33,
            0.44,
            0.45666666666666667,
            0.48333333333333334,
            0.54,
            0.56,
            0.5333333333333333,
            0.5933333333333334,
            0.57,
            0.54
        ],
        "train_time": 70.78105878829956,
        "test_accuracy": 45.333333333333336,
        "test_report": {
            "happy": {
                "precision": 0.39285714285714285,
                "recall": 0.11,
                "f1-score": 0.17187499999999997,
                "support": 100
            },
            "neutral": {
                "precision": 0.4129032258064516,
                "recall": 0.64,
                "f1-score": 0.5019607843137255,
                "support": 100
            },
            "surprise": {
                "precision": 0.5213675213675214,
                "recall": 0.61,
                "f1-score": 0.5622119815668203,
                "support": 100
            },
            "accuracy": 0.4533333333333333,
            "macro avg": {
                "precision": 0.44237596334370527,
                "recall": 0.4533333333333333,
                "f1-score": 0.41201592196018194,
                "support": 300
            },
            "weighted avg": {
                "precision": 0.4423759633437053,
                "recall": 0.4533333333333333,
                "f1-score": 0.4120159219601819,
                "support": 300
            }
        },
        "auc": {
            "happy": 0.6836500000000001,
            "neutral": 0.6252000000000001,
            "surprise": 0.70415
        }
    }
}